Type,Name,Request Count,Failure Count,Median Response Time,Average Response Time,Min Response Time,Max Response Time,Average Content Size,Requests/s,Failures/s,50%,66%,75%,80%,90%,95%,98%,99%,99.9%,99.99%,100%
POST,/consume/0,211707,0,74,68.7727811400228,1.484697000705637,472.9561989997819,15.0,1768.617715322762,0.0,74,80,84,86,92,100,110,120,170,420,470
,Aggregated,211707,0,74,68.7727811400228,1.484697000705637,472.9561989997819,15.0,1768.617715322762,0.0,74,80,84,86,92,100,110,120,170,420,470
