Type,Name,Request Count,Failure Count,Median Response Time,Average Response Time,Min Response Time,Max Response Time,Average Content Size,Requests/s,Failures/s,50%,66%,75%,80%,90%,95%,98%,99%,99.9%,99.99%,100%
POST,/make_request_httpx_async,31875,0,320.0,465.3901421396685,5.513927000265539,5237.142886000129,15.0,378.7051427914354,0.0,320,490,630,730,1100,1400,1900,2300,3500,4300,5200
,Aggregated,31875,0,320.0,465.3901421396685,5.513927000265539,5237.142886000129,15.0,378.7051427914354,0.0,320,490,630,730,1100,1400,1900,2300,3500,4300,5200
