Type,Name,Request Count,Failure Count,Median Response Time,Average Response Time,Min Response Time,Max Response Time,Average Content Size,Requests/s,Failures/s,50%,66%,75%,80%,90%,95%,98%,99%,99.9%,99.99%,100%
POST,/make_request_httpx_async,141485,141485,140.0,133.55304531548268,3.3570850000614882,530.3800270003194,136.0,1181.7034504694996,1181.7034504694996,140,160,170,170,190,210,250,280,400,470,530
,Aggregated,141485,141485,140.0,133.55304531548268,3.3570850000614882,530.3800270003194,136.0,1181.7034504694996,1181.7034504694996,140,160,170,170,190,210,250,280,400,470,530
